# X, fit_data
0.000000000000000000e+00,1.040291997519985614e+02
1.000000000000000000e+00,1.040316718889365291e+02
2.000000000000000000e+00,1.040341387619913860e+02
3.000000000000000000e+00,1.040366003711631180e+02
4.000000000000000000e+00,1.040390567164517250e+02
5.000000000000000000e+00,1.040415077978572214e+02
6.000000000000000000e+00,1.040439536153795927e+02
7.000000000000000000e+00,1.040463941690188534e+02
8.000000000000000000e+00,1.040488294587749891e+02
9.000000000000000000e+00,1.040512594846479999e+02
1.000000000000000000e+01,1.040536842466378999e+02
1.100000000000000000e+01,1.040561037447446893e+02
1.200000000000000000e+01,1.040585179789683394e+02
1.300000000000000000e+01,1.040609269493088931e+02
1.400000000000000000e+01,1.040633306557663076e+02
1.500000000000000000e+01,1.040657290983406114e+02
1.600000000000000000e+01,1.040681222770318044e+02
1.700000000000000000e+01,1.040705101918398725e+02
1.800000000000000000e+01,1.040728928427648157e+02
1.900000000000000000e+01,1.040752702298066481e+02
2.000000000000000000e+01,1.040776423529653556e+02
2.100000000000000000e+01,1.040800092122409524e+02
2.200000000000000000e+01,1.040823708076334242e+02
2.300000000000000000e+01,1.040847271391427711e+02
2.400000000000000000e+01,1.040870782067690072e+02
2.500000000000000000e+01,1.040894240105121327e+02
2.600000000000000000e+01,1.040917645503721189e+02
2.700000000000000000e+01,1.040940998263490087e+02
2.800000000000000000e+01,1.040964298384427593e+02
2.900000000000000000e+01,1.040987545866533992e+02
3.000000000000000000e+01,1.041010740709809284e+02
3.100000000000000000e+01,1.041033882914253326e+02
3.200000000000000000e+01,1.041056972479866118e+02
3.300000000000000000e+01,1.041080009406647804e+02
3.400000000000000000e+01,1.041102993694598240e+02
3.500000000000000000e+01,1.041125925343717569e+02
3.600000000000000000e+01,1.041148804354005648e+02
3.700000000000000000e+01,1.041171630725462478e+02
3.800000000000000000e+01,1.041194404458088201e+02
3.900000000000000000e+01,1.041217125551882816e+02
4.000000000000000000e+01,1.041239794006846040e+02
4.100000000000000000e+01,1.041262409822978299e+02
4.200000000000000000e+01,1.041284973000279166e+02
4.300000000000000000e+01,1.041307483538748926e+02
4.400000000000000000e+01,1.041329941438387579e+02
4.500000000000000000e+01,1.041352346699194982e+02
4.600000000000000000e+01,1.041374699321171136e+02
4.700000000000000000e+01,1.041396999304316182e+02
4.800000000000000000e+01,1.041419246648629979e+02
4.900000000000000000e+01,1.041441441354112669e+02
5.000000000000000000e+01,1.041463583420764110e+02
5.100000000000000000e+01,1.041485672848584301e+02
5.200000000000000000e+01,1.041507709637573384e+02
5.300000000000000000e+01,1.041529693787731219e+02
5.400000000000000000e+01,1.041551625299057946e+02
5.500000000000000000e+01,1.041573504171553424e+02
5.600000000000000000e+01,1.041595330405217794e+02
5.700000000000000000e+01,1.041617104000050915e+02
5.800000000000000000e+01,1.041638824956052787e+02
5.900000000000000000e+01,1.041660493273223551e+02
6.000000000000000000e+01,1.041682108951563208e+02
6.100000000000000000e+01,1.041703671991071474e+02
6.200000000000000000e+01,1.041725182391748774e+02
6.300000000000000000e+01,1.041746640153594683e+02
6.400000000000000000e+01,1.041768045276609485e+02
6.500000000000000000e+01,1.041789397760793179e+02
6.600000000000000000e+01,1.041810697606145624e+02
6.700000000000000000e+01,1.041831944812666819e+02
6.800000000000000000e+01,1.041853139380356907e+02
6.900000000000000000e+01,1.041874281309215746e+02
7.000000000000000000e+01,1.041895370599243478e+02
7.100000000000000000e+01,1.041916407250439960e+02
7.200000000000000000e+01,1.041937391262805193e+02
7.300000000000000000e+01,1.041958322636339318e+02
7.400000000000000000e+01,1.041979201371042194e+02
7.500000000000000000e+01,1.042000027466913963e+02
7.600000000000000000e+01,1.042020800923954482e+02
7.700000000000000000e+01,1.042041521742163894e+02
7.800000000000000000e+01,1.042062189921542057e+02
7.900000000000000000e+01,1.042082805462088970e+02
8.000000000000000000e+01,1.042103368363804776e+02
8.100000000000000000e+01,1.042123878626689475e+02
8.200000000000000000e+01,1.042144336250742782e+02
8.300000000000000000e+01,1.042164741235964982e+02
8.400000000000000000e+01,1.042185093582356075e+02
8.500000000000000000e+01,1.042205393289915918e+02
8.600000000000000000e+01,1.042225640358644654e+02
8.700000000000000000e+01,1.042245834788541998e+02
8.800000000000000000e+01,1.042265976579608378e+02
8.900000000000000000e+01,1.042286065731843365e+02
9.000000000000000000e+01,1.042306102245247388e+02
9.100000000000000000e+01,1.042326086119820019e+02
9.200000000000000000e+01,1.042346017355561543e+02
9.300000000000000000e+01,1.042365895952471959e+02
9.400000000000000000e+01,1.042385721910551126e+02
9.500000000000000000e+01,1.042405495229799044e+02
9.600000000000000000e+01,1.042425215910215854e+02
9.700000000000000000e+01,1.042444883951801415e+02
9.800000000000000000e+01,1.042464499354555727e+02
9.900000000000000000e+01,1.042484062118478931e+02
1.000000000000000000e+02,1.042503572243571028e+02
1.010000000000000000e+02,1.042523029729831876e+02
1.020000000000000000e+02,1.042542434577261474e+02
1.030000000000000000e+02,1.042561786785859965e+02
1.040000000000000000e+02,1.042581086355627207e+02
1.050000000000000000e+02,1.042600333286563199e+02
1.060000000000000000e+02,1.042619527578668084e+02
1.070000000000000000e+02,1.042638669231941861e+02
1.080000000000000000e+02,1.042657758246384390e+02
1.090000000000000000e+02,1.042676794621995668e+02
1.100000000000000000e+02,1.042695778358775840e+02
1.110000000000000000e+02,1.042714709456724762e+02
1.120000000000000000e+02,1.042733587915842577e+02
1.130000000000000000e+02,1.042752413736129142e+02
1.140000000000000000e+02,1.042771186917584458e+02
1.150000000000000000e+02,1.042789907460208667e+02
1.160000000000000000e+02,1.042808575364001626e+02
1.170000000000000000e+02,1.042827190628963479e+02
1.180000000000000000e+02,1.042845753255094081e+02
1.190000000000000000e+02,1.042864263242393577e+02
1.200000000000000000e+02,1.042882720590861823e+02
1.210000000000000000e+02,1.042901125300498819e+02
1.220000000000000000e+02,1.042919477371304708e+02
1.230000000000000000e+02,1.042937776803279348e+02
1.240000000000000000e+02,1.042956023596422881e+02
1.250000000000000000e+02,1.042974217750735164e+02
1.260000000000000000e+02,1.042992359266216340e+02
1.270000000000000000e+02,1.043010448142866267e+02
1.280000000000000000e+02,1.043028484380684944e+02
1.290000000000000000e+02,1.043046467979672514e+02
1.300000000000000000e+02,1.043064398939828834e+02
1.310000000000000000e+02,1.043082277261154047e+02
1.320000000000000000e+02,1.043100102943648011e+02
1.330000000000000000e+02,1.043117875987310867e+02
1.340000000000000000e+02,1.043135596392142475e+02
1.350000000000000000e+02,1.043153264158142832e+02
1.360000000000000000e+02,1.043170879285312083e+02
1.370000000000000000e+02,1.043188441773650084e+02
1.380000000000000000e+02,1.043205951623156977e+02
1.390000000000000000e+02,1.043223408833832622e+02
1.400000000000000000e+02,1.043240813405677017e+02
1.410000000000000000e+02,1.043258165338690304e+02
1.420000000000000000e+02,1.043275464632872485e+02
1.430000000000000000e+02,1.043292711288223416e+02
1.440000000000000000e+02,1.043309905304743097e+02
1.450000000000000000e+02,1.043327046682431671e+02
1.460000000000000000e+02,1.043344135421288996e+02
1.470000000000000000e+02,1.043361171521315072e+02
1.480000000000000000e+02,1.043378154982510040e+02
1.490000000000000000e+02,1.043395085804873901e+02
1.500000000000000000e+02,1.043411963988406512e+02
1.510000000000000000e+02,1.043428789533107874e+02
1.520000000000000000e+02,1.043445562438978129e+02
1.530000000000000000e+02,1.043462282706017135e+02
1.540000000000000000e+02,1.043478950334224891e+02
1.550000000000000000e+02,1.043495565323601539e+02
1.560000000000000000e+02,1.043512127674147081e+02
1.570000000000000000e+02,1.043528637385861231e+02
1.580000000000000000e+02,1.043545094458744416e+02
1.590000000000000000e+02,1.043561498892796209e+02
1.600000000000000000e+02,1.043577850688016895e+02
1.610000000000000000e+02,1.043594149844406473e+02
1.620000000000000000e+02,1.043610396361964803e+02
1.630000000000000000e+02,1.043626590240691883e+02
1.640000000000000000e+02,1.043642731480587855e+02
1.650000000000000000e+02,1.043658820081652578e+02
1.660000000000000000e+02,1.043674856043886194e+02
1.670000000000000000e+02,1.043690839367288561e+02
1.680000000000000000e+02,1.043706770051859820e+02
1.690000000000000000e+02,1.043722648097599830e+02
1.700000000000000000e+02,1.043738473504508590e+02
1.710000000000000000e+02,1.043754246272586244e+02
1.720000000000000000e+02,1.043769966401832647e+02
1.730000000000000000e+02,1.043785633892247944e+02
1.740000000000000000e+02,1.043801248743831991e+02
1.750000000000000000e+02,1.043816810956584931e+02
1.760000000000000000e+02,1.043832320530506479e+02
1.770000000000000000e+02,1.043847777465597062e+02
1.780000000000000000e+02,1.043863181761856396e+02
1.790000000000000000e+02,1.043878533419284480e+02
1.800000000000000000e+02,1.043893832437881457e+02
1.810000000000000000e+02,1.043909078817647185e+02
1.820000000000000000e+02,1.043924272558581663e+02
1.830000000000000000e+02,1.043939413660685034e+02
1.840000000000000000e+02,1.043954502123957297e+02
1.850000000000000000e+02,1.043969537948398170e+02
1.860000000000000000e+02,1.043984521134008077e+02
1.870000000000000000e+02,1.043999451680786592e+02
1.880000000000000000e+02,1.044014329588734000e+02
1.890000000000000000e+02,1.044029154857850301e+02
1.900000000000000000e+02,1.044043927488135353e+02
1.910000000000000000e+02,1.044058647479589155e+02
1.920000000000000000e+02,1.044073314832211850e+02
1.930000000000000000e+02,1.044087929546003295e+02
1.940000000000000000e+02,1.044102491620963633e+02
1.950000000000000000e+02,1.044117001057092722e+02
1.960000000000000000e+02,1.044131457854390703e+02
1.970000000000000000e+02,1.044145862012857293e+02
1.980000000000000000e+02,1.044160213532492918e+02
1.990000000000000000e+02,1.044174512413297293e+02
2.000000000000000000e+02,1.044188758655270419e+02
2.010000000000000000e+02,1.044202952258412438e+02
2.020000000000000000e+02,1.044217093222723207e+02
2.030000000000000000e+02,1.044231181548202727e+02
2.040000000000000000e+02,1.044245217234851140e+02
2.050000000000000000e+02,1.044259200282668303e+02
2.060000000000000000e+02,1.044273130691654359e+02
2.070000000000000000e+02,1.044287008461809165e+02
2.080000000000000000e+02,1.044300833593132865e+02
2.090000000000000000e+02,1.044314606085625314e+02
2.100000000000000000e+02,1.044328325939286657e+02
2.110000000000000000e+02,1.044341993154116750e+02
2.120000000000000000e+02,1.044355607730115594e+02
2.130000000000000000e+02,1.044369169667283330e+02
2.140000000000000000e+02,1.044382678965619817e+02
2.150000000000000000e+02,1.044396135625125197e+02
2.160000000000000000e+02,1.044409539645799327e+02
2.170000000000000000e+02,1.044422891027642208e+02
2.180000000000000000e+02,1.044436189770653982e+02
2.190000000000000000e+02,1.044449435874834506e+02
2.200000000000000000e+02,1.044462629340183923e+02
2.210000000000000000e+02,1.044475770166702091e+02
2.220000000000000000e+02,1.044488858354389151e+02
2.230000000000000000e+02,1.044501893903244962e+02
2.240000000000000000e+02,1.044514876813269666e+02
2.250000000000000000e+02,1.044527807084463120e+02
2.260000000000000000e+02,1.044540684716825325e+02
2.270000000000000000e+02,1.044553509710356423e+02
2.280000000000000000e+02,1.044566282065056271e+02
2.290000000000000000e+02,1.044579001780925012e+02
2.300000000000000000e+02,1.044591668857962503e+02
2.310000000000000000e+02,1.044604283296168745e+02
2.320000000000000000e+02,1.044616845095543880e+02
2.330000000000000000e+02,1.044629354256087765e+02
2.340000000000000000e+02,1.044641810777800544e+02
2.350000000000000000e+02,1.044654214660682072e+02
2.360000000000000000e+02,1.044666565904732494e+02
2.370000000000000000e+02,1.044678864509951666e+02
2.380000000000000000e+02,1.044691110476339730e+02
2.390000000000000000e+02,1.044703303803896404e+02
2.400000000000000000e+02,1.044715444492622112e+02
2.410000000000000000e+02,1.044727532542516570e+02
2.420000000000000000e+02,1.044739567953579780e+02
2.430000000000000000e+02,1.044751550725811740e+02
2.440000000000000000e+02,1.044763480859212592e+02
2.450000000000000000e+02,1.044775358353782337e+02
2.460000000000000000e+02,1.044787183209520833e+02
2.470000000000000000e+02,1.044798955426428080e+02
2.480000000000000000e+02,1.044810675004504219e+02
2.490000000000000000e+02,1.044822341943749109e+02
2.500000000000000000e+02,1.044833956244162891e+02
2.510000000000000000e+02,1.044845517905745425e+02
2.520000000000000000e+02,1.044857026928496708e+02
2.530000000000000000e+02,1.044868483312416885e+02
2.540000000000000000e+02,1.044879887057505812e+02
2.550000000000000000e+02,1.044891238163763632e+02
2.560000000000000000e+02,1.044902536631190202e+02
2.570000000000000000e+02,1.044913782459785665e+02
2.580000000000000000e+02,1.044924975649549879e+02
2.590000000000000000e+02,1.044936116200482985e+02
2.600000000000000000e+02,1.044947204112584700e+02
2.610000000000000000e+02,1.044958239385855450e+02
2.620000000000000000e+02,1.044969222020294950e+02
2.630000000000000000e+02,1.044980152015903201e+02
2.640000000000000000e+02,1.044991029372680202e+02
2.650000000000000000e+02,1.045001854090626097e+02
2.660000000000000000e+02,1.045012626169740884e+02
2.670000000000000000e+02,1.045023345610024421e+02
2.680000000000000000e+02,1.045034012411476709e+02
2.690000000000000000e+02,1.045044626574097890e+02
2.700000000000000000e+02,1.045055188097887822e+02
2.710000000000000000e+02,1.045065696982846646e+02
2.720000000000000000e+02,1.045076153228974221e+02
2.730000000000000000e+02,1.045086556836270546e+02
2.740000000000000000e+02,1.045096907804735764e+02
2.750000000000000000e+02,1.045107206134369733e+02
2.760000000000000000e+02,1.045117451825172594e+02
2.770000000000000000e+02,1.045127644877144206e+02
2.780000000000000000e+02,1.045137785290284711e+02
2.790000000000000000e+02,1.045147873064593966e+02
2.800000000000000000e+02,1.045157908200071972e+02
2.810000000000000000e+02,1.045167890696718871e+02
2.820000000000000000e+02,1.045177820554534520e+02
2.830000000000000000e+02,1.045187697773519062e+02
2.840000000000000000e+02,1.045197522353672355e+02
2.850000000000000000e+02,1.045207294294994540e+02
2.860000000000000000e+02,1.045217013597485476e+02
2.870000000000000000e+02,1.045226680261145162e+02
2.880000000000000000e+02,1.045236294285973742e+02
2.890000000000000000e+02,1.045245855671971213e+02
2.900000000000000000e+02,1.045255364419137294e+02
2.910000000000000000e+02,1.045264820527472267e+02
2.920000000000000000e+02,1.045274223996976133e+02
2.930000000000000000e+02,1.045283574827648749e+02
2.940000000000000000e+02,1.045292873019490116e+02
2.950000000000000000e+02,1.045302118572500376e+02
2.960000000000000000e+02,1.045311311486679529e+02
2.970000000000000000e+02,1.045320451762027290e+02
2.980000000000000000e+02,1.045329539398544085e+02
2.990000000000000000e+02,1.045338574396229490e+02
3.000000000000000000e+02,1.045347556755083787e+02
3.010000000000000000e+02,1.045356486475106976e+02
3.020000000000000000e+02,1.045365363556298774e+02
3.030000000000000000e+02,1.045374187998659608e+02
3.040000000000000000e+02,1.045382959802189049e+02
3.050000000000000000e+02,1.045391678966887525e+02
3.060000000000000000e+02,1.045400345492754610e+02
3.070000000000000000e+02,1.045408959379790588e+02
3.080000000000000000e+02,1.045417520627995458e+02
3.090000000000000000e+02,1.045426029237368937e+02
3.100000000000000000e+02,1.045434485207911450e+02
3.110000000000000000e+02,1.045442888539622572e+02
3.120000000000000000e+02,1.045451239232502729e+02
3.130000000000000000e+02,1.045459537286551495e+02
3.140000000000000000e+02,1.045467782701769153e+02
3.150000000000000000e+02,1.045475975478155704e+02
3.160000000000000000e+02,1.045484115615710863e+02
3.170000000000000000e+02,1.045492203114435057e+02
3.180000000000000000e+02,1.045500237974327860e+02
3.190000000000000000e+02,1.045508220195389697e+02
3.200000000000000000e+02,1.045516149777620143e+02
3.210000000000000000e+02,1.045524026721019482e+02
3.220000000000000000e+02,1.045531851025587713e+02
3.230000000000000000e+02,1.045539622691324553e+02
3.240000000000000000e+02,1.045547341718230427e+02
3.250000000000000000e+02,1.045555008106304911e+02
3.260000000000000000e+02,1.045562621855548429e+02
3.270000000000000000e+02,1.045570182965960555e+02
3.280000000000000000e+02,1.045577691437541574e+02
3.290000000000000000e+02,1.045585147270291486e+02
3.300000000000000000e+02,1.045592550464210007e+02
3.310000000000000000e+02,1.045599901019297562e+02
3.320000000000000000e+02,1.045607198935553726e+02
3.330000000000000000e+02,1.045614444212978782e+02
3.340000000000000000e+02,1.045621636851572731e+02
3.350000000000000000e+02,1.045628776851335431e+02
3.360000000000000000e+02,1.045635864212266881e+02
3.370000000000000000e+02,1.045642898934367224e+02
3.380000000000000000e+02,1.045649881017636460e+02
3.390000000000000000e+02,1.045656810462074304e+02
3.400000000000000000e+02,1.045663687267681041e+02
3.410000000000000000e+02,1.045670511434456671e+02
3.420000000000000000e+02,1.045677282962401051e+02
3.430000000000000000e+02,1.045684001851514182e+02
3.440000000000000000e+02,1.045690668101796206e+02
3.450000000000000000e+02,1.045697281713246980e+02
3.460000000000000000e+02,1.045703842685866647e+02
3.470000000000000000e+02,1.045710351019655064e+02
3.480000000000000000e+02,1.045716806714612375e+02
3.490000000000000000e+02,1.045723209770738436e+02
3.500000000000000000e+02,1.045729560188033247e+02
3.510000000000000000e+02,1.045735857966496951e+02
3.520000000000000000e+02,1.045742103106129406e+02
3.530000000000000000e+02,1.045748295606930753e+02
3.540000000000000000e+02,1.045754435468900851e+02
3.550000000000000000e+02,1.045760522692039842e+02
3.560000000000000000e+02,1.045766557276347584e+02
3.570000000000000000e+02,1.045772539221824076e+02
3.580000000000000000e+02,1.045778468528469460e+02
3.590000000000000000e+02,1.045784345196283596e+02
3.600000000000000000e+02,1.045790169225266624e+02
3.610000000000000000e+02,1.045795940615418402e+02
3.620000000000000000e+02,1.045801659366738932e+02
3.630000000000000000e+02,1.045807325479228354e+02
3.640000000000000000e+02,1.045812938952886668e+02
3.650000000000000000e+02,1.045818499787713591e+02
3.660000000000000000e+02,1.045824007983709549e+02
3.670000000000000000e+02,1.045829463540874116e+02
3.680000000000000000e+02,1.045834866459207717e+02
3.690000000000000000e+02,1.045840216738709927e+02
3.700000000000000000e+02,1.045845514379381029e+02
3.710000000000000000e+02,1.045850759381220882e+02
3.720000000000000000e+02,1.045855951744229628e+02
3.730000000000000000e+02,1.045861091468407125e+02
3.740000000000000000e+02,1.045866178553753514e+02
3.750000000000000000e+02,1.045871213000268654e+02
3.760000000000000000e+02,1.045876194807952686e+02
3.770000000000000000e+02,1.045881123976805469e+02
3.780000000000000000e+02,1.045886000506827003e+02
3.790000000000000000e+02,1.045890824398017429e+02
3.800000000000000000e+02,1.045895595650376606e+02
3.810000000000000000e+02,1.045900314263904676e+02
3.820000000000000000e+02,1.045904980238601496e+02
3.830000000000000000e+02,1.045909593574467067e+02
3.840000000000000000e+02,1.045914154271501531e+02
3.850000000000000000e+02,1.045918662329704887e+02
3.860000000000000000e+02,1.045923117749076852e+02
3.870000000000000000e+02,1.045927520529617851e+02
3.880000000000000000e+02,1.045931870671327459e+02
3.890000000000000000e+02,1.045936168174205960e+02
3.900000000000000000e+02,1.045940413038253354e+02
3.910000000000000000e+02,1.045944605263469498e+02
3.920000000000000000e+02,1.045948744849854393e+02
3.930000000000000000e+02,1.045952831797408180e+02
3.940000000000000000e+02,1.045956866106130718e+02
3.950000000000000000e+02,1.045960847776022149e+02
3.960000000000000000e+02,1.045964776807082330e+02
3.970000000000000000e+02,1.045968653199311404e+02
3.980000000000000000e+02,1.045972476952709087e+02
3.990000000000000000e+02,1.045976248067275804e+02
4.000000000000000000e+02,1.045979966543011273e+02
4.010000000000000000e+02,1.045983632379915491e+02
4.020000000000000000e+02,1.045987245577988602e+02
4.030000000000000000e+02,1.045990806137230464e+02
4.040000000000000000e+02,1.045994314057641077e+02
4.050000000000000000e+02,1.045997769339220582e+02
4.060000000000000000e+02,1.046001171981968838e+02
4.070000000000000000e+02,1.046004521985885987e+02
4.080000000000000000e+02,1.046007819350971886e+02
4.090000000000000000e+02,1.046011064077226678e+02
4.100000000000000000e+02,1.046014256164650220e+02
4.110000000000000000e+02,1.046017395613242655e+02
4.120000000000000000e+02,1.046020482423003841e+02
4.130000000000000000e+02,1.046023516593933778e+02
4.140000000000000000e+02,1.046026498126032607e+02
4.150000000000000000e+02,1.046029427019300186e+02
4.160000000000000000e+02,1.046032303273736659e+02
4.170000000000000000e+02,1.046035126889341882e+02
4.180000000000000000e+02,1.046037897866115856e+02
4.190000000000000000e+02,1.046040616204058722e+02
4.200000000000000000e+02,1.046043281903170339e+02
4.210000000000000000e+02,1.046045894963450849e+02
4.220000000000000000e+02,1.046048455384900109e+02
4.230000000000000000e+02,1.046050963167518262e+02
4.240000000000000000e+02,1.046053418311305165e+02
4.250000000000000000e+02,1.046055820816260962e+02
4.260000000000000000e+02,1.046058170682385366e+02
4.270000000000000000e+02,1.046060467909678806e+02
4.280000000000000000e+02,1.046062712498140996e+02
4.290000000000000000e+02,1.046064904447771937e+02
4.300000000000000000e+02,1.046067043758571629e+02
4.310000000000000000e+02,1.046069130430540213e+02
4.320000000000000000e+02,1.046071164463677690e+02
4.330000000000000000e+02,1.046073145857983917e+02
4.340000000000000000e+02,1.046075074613458895e+02
4.350000000000000000e+02,1.046076950730102766e+02
4.360000000000000000e+02,1.046078774207915387e+02
4.370000000000000000e+02,1.046080545046896901e+02
4.380000000000000000e+02,1.046082263247047166e+02
4.390000000000000000e+02,1.046083928808366181e+02
4.400000000000000000e+02,1.046085541730854089e+02
4.410000000000000000e+02,1.046087102014510890e+02
4.420000000000000000e+02,1.046088609659336299e+02
4.430000000000000000e+02,1.046090064665330601e+02
4.440000000000000000e+02,1.046091467032493796e+02
4.450000000000000000e+02,1.046092816760825741e+02
4.460000000000000000e+02,1.046094113850326579e+02
4.470000000000000000e+02,1.046095358300996025e+02
4.480000000000000000e+02,1.046096550112834507e+02
4.490000000000000000e+02,1.046097689285841739e+02
4.500000000000000000e+02,1.046098775820017721e+02
4.510000000000000000e+02,1.046099809715362454e+02
4.520000000000000000e+02,1.046100790971876080e+02
4.530000000000000000e+02,1.046101719589558598e+02
4.540000000000000000e+02,1.046102595568409868e+02
4.550000000000000000e+02,1.046103418908429887e+02
4.560000000000000000e+02,1.046104189609618800e+02
4.570000000000000000e+02,1.046104907671976463e+02
4.580000000000000000e+02,1.046105573095503019e+02
4.590000000000000000e+02,1.046106185880198325e+02
4.600000000000000000e+02,1.046106746026062382e+02
4.610000000000000000e+02,1.046107253533095331e+02
4.620000000000000000e+02,1.046107708401297032e+02
4.630000000000000000e+02,1.046108110630667625e+02
4.640000000000000000e+02,1.046108460221206968e+02
4.650000000000000000e+02,1.046108757172915205e+02
4.660000000000000000e+02,1.046109001485792191e+02
4.670000000000000000e+02,1.046109193159837929e+02
4.680000000000000000e+02,1.046109332195052559e+02
4.690000000000000000e+02,1.046109418591436082e+02
4.700000000000000000e+02,1.046109452348988214e+02
4.710000000000000000e+02,1.046109433467709238e+02
4.720000000000000000e+02,1.046109361947599155e+02
4.730000000000000000e+02,1.046109237788657822e+02
4.740000000000000000e+02,1.046109060990885240e+02
4.750000000000000000e+02,1.046108831554281551e+02
4.760000000000000000e+02,1.046108549478846754e+02
4.770000000000000000e+02,1.046108214764580566e+02
4.780000000000000000e+02,1.046107827411483413e+02
4.790000000000000000e+02,1.046107387419554868e+02
4.800000000000000000e+02,1.046106894788795216e+02
4.810000000000000000e+02,1.046106349519204457e+02
4.820000000000000000e+02,1.046105751610782448e+02
4.830000000000000000e+02,1.046105101063529190e+02
4.840000000000000000e+02,1.046104397877444825e+02
4.850000000000000000e+02,1.046103642052529210e+02
4.860000000000000000e+02,1.046102833588782346e+02
4.870000000000000000e+02,1.046101972486204374e+02
4.880000000000000000e+02,1.046101058744795296e+02
4.890000000000000000e+02,1.046100092364554968e+02
4.900000000000000000e+02,1.046099073345483390e+02
4.910000000000000000e+02,1.046098001687580705e+02
4.920000000000000000e+02,1.046096877390846771e+02
4.930000000000000000e+02,1.046095700455281587e+02
4.940000000000000000e+02,1.046094470880885297e+02
4.950000000000000000e+02,1.046093188667657898e+02
4.960000000000000000e+02,1.046091853815599251e+02
4.970000000000000000e+02,1.046090466324709354e+02
4.980000000000000000e+02,1.046089026194988350e+02
4.990000000000000000e+02,1.046087533426436096e+02
5.000000000000000000e+02,1.046085988019052593e+02
5.010000000000000000e+02,1.046084389972837982e+02
5.020000000000000000e+02,1.046082739287792265e+02
5.030000000000000000e+02,1.046081035963915298e+02
5.040000000000000000e+02,1.046079280001207081e+02
5.050000000000000000e+02,1.046077471399667758e+02
5.060000000000000000e+02,1.046075610159297185e+02
5.070000000000000000e+02,1.046073696280095362e+02
5.080000000000000000e+02,1.046071729762062432e+02
5.090000000000000000e+02,1.046069710605198395e+02
5.100000000000000000e+02,1.046067638809503109e+02
5.110000000000000000e+02,1.046065514374976573e+02
5.120000000000000000e+02,1.046063337301618930e+02
5.130000000000000000e+02,1.046061107589430037e+02
5.140000000000000000e+02,1.046058825238409895e+02
5.150000000000000000e+02,1.046056490248558646e+02
5.160000000000000000e+02,1.046054102619876289e+02
5.170000000000000000e+02,1.046051662352362683e+02
5.180000000000000000e+02,1.046049169446017828e+02
5.190000000000000000e+02,1.046046623900841865e+02
5.200000000000000000e+02,1.046044025716834653e+02
5.210000000000000000e+02,1.046041374893996192e+02
5.220000000000000000e+02,1.046038671432326623e+02
5.230000000000000000e+02,1.046035915331825947e+02
5.240000000000000000e+02,1.046033106592494022e+02
5.250000000000000000e+02,1.046030245214330847e+02
5.260000000000000000e+02,1.046027331197336423e+02
5.270000000000000000e+02,1.046024364541511034e+02
5.280000000000000000e+02,1.046021345246854253e+02
5.290000000000000000e+02,1.046018273313366365e+02
5.300000000000000000e+02,1.046015148741047369e+02
5.310000000000000000e+02,1.046011971529896982e+02
5.320000000000000000e+02,1.046008741679915630e+02
5.330000000000000000e+02,1.046005459191102887e+02
5.340000000000000000e+02,1.046002124063459036e+02
5.350000000000000000e+02,1.045998736296984077e+02
5.360000000000000000e+02,1.045995295891677870e+02
5.370000000000000000e+02,1.045991802847540413e+02
5.380000000000000000e+02,1.045988257164571849e+02
5.390000000000000000e+02,1.045984658842772177e+02
5.400000000000000000e+02,1.045981007882141114e+02
5.410000000000000000e+02,1.045977304282678944e+02
5.420000000000000000e+02,1.045973548044385666e+02
5.430000000000000000e+02,1.045969739167261139e+02
5.440000000000000000e+02,1.045965877651305362e+02
5.450000000000000000e+02,1.045961963496518479e+02
5.460000000000000000e+02,1.045957996702900346e+02
5.470000000000000000e+02,1.045953977270451105e+02
5.480000000000000000e+02,1.045949905199170615e+02
5.490000000000000000e+02,1.045945780489059018e+02
5.500000000000000000e+02,1.045941603140116172e+02
5.510000000000000000e+02,1.045937373152342076e+02
5.520000000000000000e+02,1.045933090525736873e+02
5.530000000000000000e+02,1.045928755260300420e+02
5.540000000000000000e+02,1.045924367356032860e+02
5.550000000000000000e+02,1.045919926812934051e+02
5.560000000000000000e+02,1.045915433631003992e+02
5.570000000000000000e+02,1.045910887810242826e+02
5.580000000000000000e+02,1.045906289350650553e+02
5.590000000000000000e+02,1.045901638252227031e+02
5.600000000000000000e+02,1.045896934514972259e+02
5.610000000000000000e+02,1.045892178138886237e+02
5.620000000000000000e+02,1.045887369123969250e+02
5.630000000000000000e+02,1.045882507470220872e+02
5.640000000000000000e+02,1.045877593177641387e+02
5.650000000000000000e+02,1.045872626246230652e+02
5.660000000000000000e+02,1.045867606675988810e+02
5.670000000000000000e+02,1.045862534466915719e+02
5.680000000000000000e+02,1.045857409619011520e+02
5.690000000000000000e+02,1.045852232132276072e+02
5.700000000000000000e+02,1.045847002006709516e+02
5.710000000000000000e+02,1.045841719242311711e+02
5.720000000000000000e+02,1.045836383839082657e+02
5.730000000000000000e+02,1.045830995797022496e+02
5.740000000000000000e+02,1.045825555116131085e+02
5.750000000000000000e+02,1.045820061796408567e+02
5.760000000000000000e+02,1.045814515837854799e+02
5.770000000000000000e+02,1.045808917240469782e+02
5.780000000000000000e+02,1.045803266004253658e+02
5.790000000000000000e+02,1.045797562129206426e+02
5.800000000000000000e+02,1.045791805615327945e+02
5.810000000000000000e+02,1.045785996462618215e+02
5.820000000000000000e+02,1.045780134671077235e+02
5.830000000000000000e+02,1.045774220240705148e+02
5.840000000000000000e+02,1.045768253171501954e+02
5.850000000000000000e+02,1.045762233463467510e+02
5.860000000000000000e+02,1.045756161116601817e+02
5.870000000000000000e+02,1.045750036130905016e+02
5.880000000000000000e+02,1.045743858506376966e+02
5.890000000000000000e+02,1.045737628243017809e+02
5.900000000000000000e+02,1.045731345340827403e+02
5.910000000000000000e+02,1.045725009799805889e+02
5.920000000000000000e+02,1.045718621619952984e+02
5.930000000000000000e+02,1.045712180801269113e+02
5.940000000000000000e+02,1.045705687343753993e+02
5.950000000000000000e+02,1.045699141247407624e+02
5.960000000000000000e+02,1.045692542512230148e+02
5.970000000000000000e+02,1.045685891138221422e+02
5.980000000000000000e+02,1.045679187125381446e+02
5.990000000000000000e+02,1.045672430473710364e+02
6.000000000000000000e+02,1.045665621183208032e+02
6.010000000000000000e+02,1.045658759253874592e+02
6.020000000000000000e+02,1.045651844685709904e+02
6.030000000000000000e+02,1.045644877478714108e+02
6.040000000000000000e+02,1.045637857632887062e+02
6.050000000000000000e+02,1.045630785148228910e+02
6.060000000000000000e+02,1.045623660024739365e+02
6.070000000000000000e+02,1.045616482262418856e+02
6.080000000000000000e+02,1.045609251861267097e+02
6.090000000000000000e+02,1.045601968821284089e+02
6.100000000000000000e+02,1.045594633142469831e+02
6.110000000000000000e+02,1.045587244824824609e+02
6.120000000000000000e+02,1.045579803868347994e+02
6.130000000000000000e+02,1.045572310273040273e+02
6.140000000000000000e+02,1.045564764038901302e+02
6.150000000000000000e+02,1.045557165165931224e+02
6.160000000000000000e+02,1.045549513654129896e+02
6.170000000000000000e+02,1.045541809503497461e+02
6.180000000000000000e+02,1.045534052714033777e+02
6.190000000000000000e+02,1.045526243285738843e+02
6.200000000000000000e+02,1.045518381218612802e+02
6.210000000000000000e+02,1.045510466512655654e+02
6.220000000000000000e+02,1.045502499167867114e+02
6.230000000000000000e+02,1.045494479184247609e+02
6.240000000000000000e+02,1.045486406561796713e+02
6.250000000000000000e+02,1.045478281300514709e+02
6.260000000000000000e+02,1.045470103400401598e+02
6.270000000000000000e+02,1.045461872861457238e+02
6.280000000000000000e+02,1.045453589683681628e+02
6.290000000000000000e+02,1.045445253867074911e+02
6.300000000000000000e+02,1.045436865411636944e+02
6.310000000000000000e+02,1.045428424317367870e+02
6.320000000000000000e+02,1.045419930584267547e+02
6.330000000000000000e+02,1.045411384212335975e+02
6.340000000000000000e+02,1.045402785201573295e+02
6.350000000000000000e+02,1.045394133551979365e+02
6.360000000000000000e+02,1.045385429263554329e+02
6.370000000000000000e+02,1.045376672336298043e+02
6.380000000000000000e+02,1.045367862770210650e+02
6.390000000000000000e+02,1.045359000565292007e+02
6.400000000000000000e+02,1.045350085721542115e+02
6.410000000000000000e+02,1.045341118238961116e+02
6.420000000000000000e+02,1.045332098117549009e+02
6.430000000000000000e+02,1.045323025357305511e+02
6.440000000000000000e+02,1.045313899958231048e+02
6.450000000000000000e+02,1.045304721920325193e+02
6.460000000000000000e+02,1.045295491243588231e+02
6.470000000000000000e+02,1.045286207928020161e+02
6.480000000000000000e+02,1.045276871973620842e+02
6.490000000000000000e+02,1.045267483380390274e+02
6.500000000000000000e+02,1.045258042148328599e+02
6.510000000000000000e+02,1.045248548277435674e+02
6.520000000000000000e+02,1.045239001767711500e+02
6.530000000000000000e+02,1.045229402619156218e+02
6.540000000000000000e+02,1.045219750831769829e+02
6.550000000000000000e+02,1.045210046405552191e+02
6.560000000000000000e+02,1.045200289340503303e+02
6.570000000000000000e+02,1.045190479636623309e+02
6.580000000000000000e+02,1.045180617293912064e+02
6.590000000000000000e+02,1.045170702312369713e+02
6.600000000000000000e+02,1.045160734691996112e+02
6.610000000000000000e+02,1.045150714432791261e+02
6.620000000000000000e+02,1.045140641534755304e+02
6.630000000000000000e+02,1.045130515997888097e+02
6.640000000000000000e+02,1.045120337822189782e+02
6.650000000000000000e+02,1.045110107007660218e+02
6.660000000000000000e+02,1.045099823554299547e+02
6.670000000000000000e+02,1.045089487462107627e+02
6.680000000000000000e+02,1.045079098731084457e+02
6.690000000000000000e+02,1.045068657361230180e+02
6.700000000000000000e+02,1.045058163352544653e+02
6.710000000000000000e+02,1.045047616705028020e+02
6.720000000000000000e+02,1.045037017418680136e+02
6.730000000000000000e+02,1.045026365493501146e+02
6.740000000000000000e+02,1.045015660929490906e+02
6.750000000000000000e+02,1.045004903726649417e+02
6.760000000000000000e+02,1.044994093884976820e+02
6.770000000000000000e+02,1.044983231404473116e+02
6.780000000000000000e+02,1.044972316285138021e+02
6.790000000000000000e+02,1.044961348526971818e+02
6.800000000000000000e+02,1.044950328129974508e+02
6.810000000000000000e+02,1.044939255094145949e+02
6.820000000000000000e+02,1.044928129419486140e+02
6.830000000000000000e+02,1.044916951105995224e+02
6.840000000000000000e+02,1.044905720153673201e+02
6.850000000000000000e+02,1.044894436562519786e+02
6.860000000000000000e+02,1.044883100332535406e+02
6.870000000000000000e+02,1.044871711463719635e+02
6.880000000000000000e+02,1.044860269956072756e+02
6.890000000000000000e+02,1.044848775809594770e+02
6.900000000000000000e+02,1.044837229024285392e+02
6.910000000000000000e+02,1.044825629600145049e+02
6.920000000000000000e+02,1.044813977537173315e+02
6.930000000000000000e+02,1.044802272835370616e+02
6.940000000000000000e+02,1.044790515494736525e+02
6.950000000000000000e+02,1.044778705515271326e+02
6.960000000000000000e+02,1.044766842896975021e+02
6.970000000000000000e+02,1.044754927639847324e+02
6.980000000000000000e+02,1.044742959743888662e+02
6.990000000000000000e+02,1.044730939209098608e+02
7.000000000000000000e+02,1.044718866035477589e+02
7.010000000000000000e+02,1.044706740223025179e+02
7.020000000000000000e+02,1.044694561771741661e+02
7.030000000000000000e+02,1.044682330681627036e+02
7.040000000000000000e+02,1.044670046952681020e+02
7.050000000000000000e+02,1.044657710584904038e+02
7.060000000000000000e+02,1.044645321578295665e+02
7.070000000000000000e+02,1.044632879932856326e+02
7.080000000000000000e+02,1.044620385648585597e+02
7.090000000000000000e+02,1.044607838725483759e+02
7.100000000000000000e+02,1.044595239163550673e+02
7.110000000000000000e+02,1.044582586962786479e+02
7.120000000000000000e+02,1.044569882123191178e+02
7.130000000000000000e+02,1.044557124644764485e+02
7.140000000000000000e+02,1.044544314527506685e+02
7.150000000000000000e+02,1.044531451771417778e+02
7.160000000000000000e+02,1.044518536376497622e+02
7.170000000000000000e+02,1.044505568342746216e+02
7.180000000000000000e+02,1.044492547670163702e+02
7.190000000000000000e+02,1.044479474358749940e+02
7.200000000000000000e+02,1.044466348408505070e+02
7.210000000000000000e+02,1.044453169819428950e+02
7.220000000000000000e+02,1.044439938591521724e+02
7.230000000000000000e+02,1.044426654724783248e+02
7.240000000000000000e+02,1.044413318219213522e+02
7.250000000000000000e+02,1.044399929074812690e+02
7.260000000000000000e+02,1.044386487291580607e+02
7.270000000000000000e+02,1.044372992869517418e+02
7.280000000000000000e+02,1.044359445808622979e+02
7.290000000000000000e+02,1.044345846108897433e+02
7.300000000000000000e+02,1.044332193770340638e+02
7.310000000000000000e+02,1.044318488792952593e+02
7.320000000000000000e+02,1.044304731176733441e+02
7.330000000000000000e+02,1.044290920921683039e+02
7.340000000000000000e+02,1.044277058027801530e+02
7.350000000000000000e+02,1.044263142495088772e+02
7.360000000000000000e+02,1.044249174323544764e+02
7.370000000000000000e+02,1.044235153513169649e+02
7.380000000000000000e+02,1.044221080063963427e+02
7.390000000000000000e+02,1.044206953975925956e+02
7.400000000000000000e+02,1.044192775249057235e+02
7.410000000000000000e+02,1.044178543883357406e+02
7.420000000000000000e+02,1.044164259878826329e+02
7.430000000000000000e+02,1.044149923235464001e+02
7.440000000000000000e+02,1.044135533953270567e+02
7.450000000000000000e+02,1.044121092032246025e+02
7.460000000000000000e+02,1.044106597472390092e+02
7.470000000000000000e+02,1.044092050273703194e+02
7.480000000000000000e+02,1.044077450436184904e+02
7.490000000000000000e+02,1.044062797959835507e+02
7.500000000000000000e+02,1.044048092844655002e+02
7.510000000000000000e+02,1.044033335090643249e+02
7.520000000000000000e+02,1.044018524697800245e+02
7.530000000000000000e+02,1.044003661666126135e+02
7.540000000000000000e+02,1.043988745995620775e+02
7.550000000000000000e+02,1.043973777686284308e+02
7.560000000000000000e+02,1.043958756738116591e+02
7.570000000000000000e+02,1.043943683151117767e+02
7.580000000000000000e+02,1.043928556925287694e+02
7.590000000000000000e+02,1.043913378060626371e+02
7.600000000000000000e+02,1.043898146557133941e+02
7.610000000000000000e+02,1.043882862414810262e+02
7.620000000000000000e+02,1.043867525633655475e+02
7.630000000000000000e+02,1.043852136213669439e+02
7.640000000000000000e+02,1.043836694154852154e+02
7.650000000000000000e+02,1.043821199457203761e+02
7.660000000000000000e+02,1.043805652120724261e+02
7.670000000000000000e+02,1.043790052145413370e+02
7.680000000000000000e+02,1.043774399531271513e+02
7.690000000000000000e+02,1.043758694278298265e+02
7.700000000000000000e+02,1.043742936386493909e+02
7.710000000000000000e+02,1.043727125855858446e+02
7.720000000000000000e+02,1.043711262686391734e+02
7.730000000000000000e+02,1.043695346878093773e+02
7.740000000000000000e+02,1.043679378430964704e+02
7.750000000000000000e+02,1.043663357345004385e+02
7.760000000000000000e+02,1.043647283620212960e+02
7.770000000000000000e+02,1.043631157256590285e+02
7.780000000000000000e+02,1.043614978254136503e+02
7.790000000000000000e+02,1.043598746612851329e+02
7.800000000000000000e+02,1.043582462332735190e+02
7.810000000000000000e+02,1.043566125413787802e+02
7.820000000000000000e+02,1.043549735856009164e+02
7.830000000000000000e+02,1.043533293659399277e+02
7.840000000000000000e+02,1.043516798823958425e+02
7.850000000000000000e+02,1.043500251349686181e+02
7.860000000000000000e+02,1.043483651236582830e+02
7.870000000000000000e+02,1.043466998484648229e+02
7.880000000000000000e+02,1.043450293093882522e+02
7.890000000000000000e+02,1.043433535064285564e+02
7.900000000000000000e+02,1.043416724395857500e+02
7.910000000000000000e+02,1.043399861088598186e+02
7.920000000000000000e+02,1.043382945142507765e+02
7.930000000000000000e+02,1.043365976557586094e+02
7.940000000000000000e+02,1.043348955333833175e+02
7.950000000000000000e+02,1.043331881471249147e+02
7.960000000000000000e+02,1.043314754969833871e+02
7.970000000000000000e+02,1.043297575829587345e+02
7.980000000000000000e+02,1.043280344050509854e+02
7.990000000000000000e+02,1.043263059632600971e+02
8.000000000000000000e+02,1.043245722575860981e+02
8.010000000000000000e+02,1.043228332880289742e+02
8.020000000000000000e+02,1.043210890545887395e+02
8.030000000000000000e+02,1.043193395572653799e+02
8.040000000000000000e+02,1.043175847960589095e+02
8.050000000000000000e+02,1.043158247709693143e+02
8.060000000000000000e+02,1.043140594819965941e+02
8.070000000000000000e+02,1.043122889291407631e+02
8.080000000000000000e+02,1.043105131124018214e+02
8.090000000000000000e+02,1.043087320317797548e+02
8.100000000000000000e+02,1.043069456872745633e+02
8.110000000000000000e+02,1.043051540788862468e+02
8.120000000000000000e+02,1.043033572066148196e+02
8.130000000000000000e+02,1.043015550704602816e+02
8.140000000000000000e+02,1.042997476704226187e+02
8.150000000000000000e+02,1.042979350065018309e+02
8.160000000000000000e+02,1.042961170786979324e+02
8.170000000000000000e+02,1.042942938870109089e+02
8.180000000000000000e+02,1.042924654314407746e+02
8.190000000000000000e+02,1.042906317119875155e+02
8.200000000000000000e+02,1.042887927286511314e+02
8.210000000000000000e+02,1.042869484814316365e+02
8.220000000000000000e+02,1.042850989703290168e+02
8.230000000000000000e+02,1.042832441953432863e+02
8.240000000000000000e+02,1.042813841564744308e+02
8.250000000000000000e+02,1.042795188537224647e+02
8.260000000000000000e+02,1.042776482870873735e+02
8.270000000000000000e+02,1.042757724565691717e+02
8.280000000000000000e+02,1.042738913621678307e+02
8.290000000000000000e+02,1.042720050038833932e+02
8.300000000000000000e+02,1.042701133817158308e+02
8.310000000000000000e+02,1.042682164956651434e+02
8.320000000000000000e+02,1.042663143457313311e+02
8.330000000000000000e+02,1.042644069319144080e+02
8.340000000000000000e+02,1.042624942542143742e+02
8.350000000000000000e+02,1.042605763126312155e+02
8.360000000000000000e+02,1.042586531071649318e+02
8.370000000000000000e+02,1.042567246378155374e+02
8.380000000000000000e+02,1.042547909045830181e+02
8.390000000000000000e+02,1.042528519074673881e+02
8.400000000000000000e+02,1.042509076464686331e+02
8.410000000000000000e+02,1.042489581215867531e+02
8.420000000000000000e+02,1.042470033328217625e+02
8.430000000000000000e+02,1.042450432801736468e+02
8.440000000000000000e+02,1.042430779636424205e+02
8.450000000000000000e+02,1.042411073832280692e+02
8.460000000000000000e+02,1.042391315389306072e+02
8.470000000000000000e+02,1.042371504307500203e+02
8.480000000000000000e+02,1.042351640586863084e+02
8.490000000000000000e+02,1.042331724227394858e+02
8.500000000000000000e+02,1.042311755229095525e+02
8.510000000000000000e+02,1.042291733591964800e+02
8.520000000000000000e+02,1.042271659316002967e+02
8.530000000000000000e+02,1.042251532401210028e+02
8.540000000000000000e+02,1.042231352847585839e+02
8.550000000000000000e+02,1.042211120655130543e+02
8.560000000000000000e+02,1.042190835823843855e+02
8.570000000000000000e+02,1.042170498353726202e+02
8.580000000000000000e+02,1.042150108244777158e+02
8.590000000000000000e+02,1.042129665496997148e+02
8.600000000000000000e+02,1.042109170110385747e+02
8.610000000000000000e+02,1.042088622084943239e+02
8.620000000000000000e+02,1.042068021420669623e+02
8.630000000000000000e+02,1.042047368117564758e+02
8.640000000000000000e+02,1.042026662175628644e+02
8.650000000000000000e+02,1.042005903594861422e+02
8.660000000000000000e+02,1.041985092375262951e+02
8.670000000000000000e+02,1.041964228516833231e+02
8.680000000000000000e+02,1.041943312019572403e+02
8.690000000000000000e+02,1.041922342883480468e+02
8.700000000000000000e+02,1.041901321108557283e+02
8.710000000000000000e+02,1.041880246694802850e+02
8.720000000000000000e+02,1.041859119642217308e+02
8.730000000000000000e+02,1.041837939950800518e+02
8.740000000000000000e+02,1.041816707620552478e+02
8.750000000000000000e+02,1.041795422651473331e+02
8.760000000000000000e+02,1.041774085043563076e+02
8.770000000000000000e+02,1.041752694796821572e+02
8.780000000000000000e+02,1.041731251911248819e+02
8.790000000000000000e+02,1.041709756386844958e+02
8.800000000000000000e+02,1.041688208223609848e+02
8.810000000000000000e+02,1.041666607421543489e+02
8.820000000000000000e+02,1.041644953980646022e+02
8.830000000000000000e+02,1.041623247900917448e+02
8.840000000000000000e+02,1.041601489182357625e+02
8.850000000000000000e+02,1.041579677824966552e+02
8.860000000000000000e+02,1.041557813828744372e+02
8.870000000000000000e+02,1.041535897193690943e+02
8.880000000000000000e+02,1.041513927919806264e+02
8.890000000000000000e+02,1.041491906007090478e+02
8.900000000000000000e+02,1.041469831455543584e+02
8.910000000000000000e+02,1.041447704265165441e+02
8.920000000000000000e+02,1.041425524435956049e+02
8.930000000000000000e+02,1.041403291967915550e+02
8.940000000000000000e+02,1.041381006861043801e+02
8.950000000000000000e+02,1.041358669115340803e+02
8.960000000000000000e+02,1.041336278730806697e+02
8.970000000000000000e+02,1.041313835707441484e+02
8.980000000000000000e+02,1.041291340045245022e+02
8.990000000000000000e+02,1.041268791744217310e+02
9.000000000000000000e+02,1.041246190804358491e+02
9.010000000000000000e+02,1.041223537225668423e+02
9.020000000000000000e+02,1.041200831008147105e+02
9.030000000000000000e+02,1.041178072151794680e+02
9.040000000000000000e+02,1.041155260656611148e+02
9.050000000000000000e+02,1.041132396522596366e+02
9.060000000000000000e+02,1.041109479749750335e+02
9.070000000000000000e+02,1.041086510338073197e+02
9.080000000000000000e+02,1.041063488287564809e+02
9.090000000000000000e+02,1.041040413598225172e+02
9.100000000000000000e+02,1.041017286270054427e+02
9.110000000000000000e+02,1.040994106303052575e+02
9.120000000000000000e+02,1.040970873697219332e+02
9.130000000000000000e+02,1.040947588452555124e+02
9.140000000000000000e+02,1.040924250569059524e+02
9.150000000000000000e+02,1.040900860046732959e+02
9.160000000000000000e+02,1.040877416885575002e+02
9.170000000000000000e+02,1.040853921085585938e+02
9.180000000000000000e+02,1.040830372646765625e+02
9.190000000000000000e+02,1.040806771569114204e+02
9.200000000000000000e+02,1.040783117852631676e+02
9.210000000000000000e+02,1.040759411497317757e+02
9.220000000000000000e+02,1.040735652503172730e+02
9.230000000000000000e+02,1.040711840870196596e+02
9.240000000000000000e+02,1.040687976598389213e+02
9.250000000000000000e+02,1.040664059687750580e+02
9.260000000000000000e+02,1.040640090138280840e+02
9.270000000000000000e+02,1.040616067949979850e+02
9.280000000000000000e+02,1.040591993122847754e+02
9.290000000000000000e+02,1.040567865656884408e+02
9.300000000000000000e+02,1.040543685552089954e+02
9.310000000000000000e+02,1.040519452808464251e+02
9.320000000000000000e+02,1.040495167426007299e+02
9.330000000000000000e+02,1.040470829404719240e+02
9.340000000000000000e+02,1.040446438744599931e+02
9.350000000000000000e+02,1.040421995445649515e+02
9.360000000000000000e+02,1.040397499507867849e+02
9.370000000000000000e+02,1.040372950931254934e+02
9.380000000000000000e+02,1.040348349715810912e+02
9.390000000000000000e+02,1.040323695861535782e+02
9.400000000000000000e+02,1.040298989368429403e+02
9.410000000000000000e+02,1.040274230236491775e+02
9.420000000000000000e+02,1.040249418465723039e+02
9.430000000000000000e+02,1.040224554056123054e+02
9.440000000000000000e+02,1.040199637007691820e+02
9.450000000000000000e+02,1.040174667320429478e+02
9.460000000000000000e+02,1.040149644994336029e+02
9.470000000000000000e+02,1.040124570029411188e+02
9.480000000000000000e+02,1.040099442425655383e+02
9.490000000000000000e+02,1.040074262183068186e+02
9.500000000000000000e+02,1.040049029301649881e+02
9.510000000000000000e+02,1.040023743781400469e+02
9.520000000000000000e+02,1.039998405622319808e+02
9.530000000000000000e+02,1.039973014824407898e+02
9.540000000000000000e+02,1.039947571387664880e+02
9.550000000000000000e+02,1.039922075312090612e+02
9.560000000000000000e+02,1.039896526597685238e+02
9.570000000000000000e+02,1.039870925244448614e+02
9.580000000000000000e+02,1.039845271252380741e+02
9.590000000000000000e+02,1.039819564621481760e+02
9.600000000000000000e+02,1.039793805351751672e+02
9.610000000000000000e+02,1.039767993443190335e+02
9.620000000000000000e+02,1.039742128895797748e+02
9.630000000000000000e+02,1.039716211709573912e+02
9.640000000000000000e+02,1.039690241884519111e+02
9.650000000000000000e+02,1.039664219420632918e+02
9.660000000000000000e+02,1.039638144317915618e+02
9.670000000000000000e+02,1.039612016576367068e+02
9.680000000000000000e+02,1.039585836195987412e+02
9.690000000000000000e+02,1.039559603176776506e+02
9.700000000000000000e+02,1.039533317518734492e+02
9.710000000000000000e+02,1.039506979221861229e+02
9.720000000000000000e+02,1.039480588286156859e+02
9.730000000000000000e+02,1.039454144711621240e+02
9.740000000000000000e+02,1.039427648498254371e+02
9.750000000000000000e+02,1.039401099646056394e+02
9.760000000000000000e+02,1.039374498155027169e+02
9.770000000000000000e+02,1.039347844025166836e+02
9.780000000000000000e+02,1.039321137256475254e+02
9.790000000000000000e+02,1.039294377848952422e+02
9.800000000000000000e+02,1.039267565802598483e+02
9.810000000000000000e+02,1.039240701117413295e+02
9.820000000000000000e+02,1.039213783793396999e+02
9.830000000000000000e+02,1.039186813830549454e+02
9.840000000000000000e+02,1.039159791228870802e+02
9.850000000000000000e+02,1.039132715988360900e+02
9.860000000000000000e+02,1.039105588109019891e+02
9.870000000000000000e+02,1.039078407590847632e+02
9.880000000000000000e+02,1.039051174433844125e+02
9.890000000000000000e+02,1.039023888638009510e+02
9.900000000000000000e+02,1.038996550203343645e+02
9.910000000000000000e+02,1.038969159129846673e+02
9.920000000000000000e+02,1.038941715417518452e+02
9.930000000000000000e+02,1.038914219066358982e+02
9.940000000000000000e+02,1.038886670076368404e+02
9.950000000000000000e+02,1.038859068447546576e+02
9.960000000000000000e+02,1.038831414179893642e+02
9.970000000000000000e+02,1.038803707273409458e+02
9.980000000000000000e+02,1.038775947728094167e+02
9.990000000000000000e+02,1.038748135543947626e+02
1.000000000000000000e+03,1.038720270720969836e+02
1.001000000000000000e+03,1.038692353259160939e+02
1.002000000000000000e+03,1.038664383158520934e+02
1.003000000000000000e+03,1.038636360419049680e+02
1.004000000000000000e+03,1.038608285040747177e+02
1.005000000000000000e+03,1.038580157023613424e+02
1.006000000000000000e+03,1.038551976367648564e+02
1.007000000000000000e+03,1.038523743072852596e+02
1.008000000000000000e+03,1.038495457139225380e+02
1.009000000000000000e+03,1.038467118566766914e+02
1.010000000000000000e+03,1.038438727355477340e+02
1.011000000000000000e+03,1.038410283505356517e+02
1.012000000000000000e+03,1.038381787016404587e+02
1.013000000000000000e+03,1.038353237888621408e+02
1.014000000000000000e+03,1.038324636122006979e+02
1.015000000000000000e+03,1.038295981716561442e+02
1.016000000000000000e+03,1.038267274672284657e+02
1.017000000000000000e+03,1.038238514989176764e+02
1.018000000000000000e+03,1.038209702667237622e+02
1.019000000000000000e+03,1.038180837706467372e+02
1.020000000000000000e+03,1.038151920106865873e+02
1.021000000000000000e+03,1.038122949868433267e+02
1.022000000000000000e+03,1.038093926991169269e+02
1.023000000000000000e+03,1.038064851475074306e+02
1.024000000000000000e+03,1.038035723320148094e+02
1.025000000000000000e+03,1.038006542526390632e+02
1.026000000000000000e+03,1.037977309093801921e+02
1.027000000000000000e+03,1.037948023022382102e+02
1.028000000000000000e+03,1.037918684312131177e+02
1.029000000000000000e+03,1.037889292963049002e+02
1.030000000000000000e+03,1.037859848975135577e+02
1.031000000000000000e+03,1.037830352348391045e+02
1.032000000000000000e+03,1.037800803082815264e+02
1.033000000000000000e+03,1.037771201178408376e+02
1.034000000000000000e+03,1.037741546635170238e+02
1.035000000000000000e+03,1.037711839453100851e+02
1.036000000000000000e+03,1.037682079632200356e+02
1.037000000000000000e+03,1.037652267172468612e+02
1.038000000000000000e+03,1.037622402073905761e+02
1.039000000000000000e+03,1.037592484336511660e+02
